-- 1. 지역 설정
insert into region(id, name) values
(1, "온실A"),
(2, "온실B");

-- 2. 작물 유형 설정
insert into plant_type(id, name) values
(1, "토마토"),
(2, "딸기"),
(3, "수박");

-- 3. 개별 작물 배정 (작물번호 1~16)
-- 1지역(온실A): 토마토 4개 (1~4번), 딸기 4개 (5~8번)
-- 2지역(온실B): 토마토 4개 (9~12번), 수박 4개 (13~16번)
insert into plant(id, name, region_id, type_id, maturity, is_disease) values
-- 1지역 토마토
(1, "토마토 1", 1, 1, 0.64, 0),
(2, "토마토 2", 1, 1, 0.61, 0),
(3, "토마토 3", 1, 1, 0.67, 0),
(4, "토마토 4", 1, 1, 0.60, 0),
-- 1지역 딸기
(5, "딸기 1", 1, 2, 0.45, 1),
(6, "딸기 2", 1, 2, 0.49, 0),
(7, "딸기 3", 1, 2, 0.50, 0),
(8, "딸기 4", 1, 2, 0.50, 0),
-- 2지역 토마토
(9, "토마토 5", 2, 1, 0.55, 0),
(10, "토마토 6", 2, 1, 0.58, 0),
(11, "토마토 7", 2, 1, 0.62, 0),
(12, "토마토 8", 2, 1, 0.60, 0),
-- 2지역 수박
(13, "수박 1", 2, 3, 0.30, 0),
(14, "수박 2", 2, 3, 0.35, 1),
(15, "수박 3", 2, 3, 0.40, 0),
(16, "수박 4", 2, 3, 0.38, 0);

-- 4. 일일 작물 정보 통계 (plant_statistics)
-- 1지역: 2026-06-01 ~ 2026-06-12 (12일간) / 토마토(1), 딸기(2)
-- 2지역: 2026-06-03 ~ 2026-06-12 (10일간) / 토마토(1), 수박(3)
insert into plant_statistics(created_at, type_id, region_id, avg_maturity, disease_ratio) values
-- 1지역 통계
('2026-06-01 12:00:00', 1, 1, 0.10, 0.00),
('2026-06-01 12:00:00', 2, 1, 0.15, 0.25),
('2026-06-02 12:00:00', 1, 1, 0.15, 0.00),
('2026-06-02 12:00:00', 2, 1, 0.18, 0.25),
('2026-06-03 12:00:00', 1, 1, 0.20, 0.00),
('2026-06-03 12:00:00', 2, 1, 0.22, 0.25),
('2026-06-04 12:00:00', 1, 1, 0.25, 0.00),
('2026-06-04 12:00:00', 2, 1, 0.25, 0.25),
('2026-06-05 12:00:00', 1, 1, 0.30, 0.00),
('2026-06-05 12:00:00', 2, 1, 0.28, 0.25),
('2026-06-06 12:00:00', 1, 1, 0.35, 0.00),
('2026-06-06 12:00:00', 2, 1, 0.32, 0.25),
('2026-06-07 12:00:00', 1, 1, 0.40, 0.00),
('2026-06-07 12:00:00', 2, 1, 0.35, 0.25),
('2026-06-08 12:00:00', 1, 1, 0.45, 0.00),
('2026-06-08 12:00:00', 2, 1, 0.38, 0.25),
('2026-06-09 12:00:00', 1, 1, 0.50, 0.00),
('2026-06-09 12:00:00', 2, 1, 0.41, 0.25),
('2026-06-10 12:00:00', 1, 1, 0.55, 0.00),
('2026-06-10 12:00:00', 2, 1, 0.44, 0.25),
('2026-06-11 12:00:00', 1, 1, 0.60, 0.00),
('2026-06-11 12:00:00', 2, 1, 0.47, 0.25),
('2026-06-12 12:00:00', 1, 1, 0.63, 0.00),
('2026-06-12 12:00:00', 2, 1, 0.485, 0.25),

-- 2지역 통계
('2026-06-03 12:00:00', 1, 2, 0.12, 0.00),
('2026-06-03 12:00:00', 3, 2, 0.08, 0.25),
('2026-06-04 12:00:00', 1, 2, 0.18, 0.00),
('2026-06-04 12:00:00', 3, 2, 0.12, 0.25),
('2026-06-05 12:00:00', 1, 2, 0.24, 0.00),
('2026-06-05 12:00:00', 3, 2, 0.15, 0.25),
('2026-06-06 12:00:00', 1, 2, 0.30, 0.00),
('2026-06-06 12:00:00', 3, 2, 0.18, 0.25),
('2026-06-07 12:00:00', 1, 2, 0.36, 0.00),
('2026-06-07 12:00:00', 3, 2, 0.22, 0.25),
('2026-06-08 12:00:00', 1, 2, 0.42, 0.00),
('2026-06-08 12:00:00', 3, 2, 0.26, 0.25),
('2026-06-09 12:00:00', 1, 2, 0.48, 0.00),
('2026-06-09 12:00:00', 3, 2, 0.29, 0.25),
('2026-06-10 12:00:00', 1, 2, 0.52, 0.00),
('2026-06-10 12:00:00', 3, 2, 0.32, 0.25),
('2026-06-11 12:00:00', 1, 2, 0.56, 0.00),
('2026-06-11 12:00:00', 3, 2, 0.34, 0.25),
('2026-06-12 12:00:00', 1, 2, 0.587, 0.00),
('2026-06-12 12:00:00', 3, 2, 0.358, 0.25);

-- 5. 센서 유형 설정
insert into sensor_type(id, type_name) values
(1, "조도"),
(2, "온도"),
(3, "습도"),
(4, "화염"),
(5, "토양습도");

-- 6. 개별 센서 최신값 설정
insert into sensor(id, type_id, region_id, value, last_signal) values
-- 1지역 센서
(1, 1, 1, 0.70, '2026-07-07 12:00:00'),
(2, 1, 1, 0.70, '2026-07-07 12:00:00'),
(3, 1, 1, 0.70, '2026-07-07 12:00:00'),
(4, 1, 1, 0.70, '2026-07-07 12:00:00'),
(9, 3, 1, 62.5, '2026-07-07 12:00:00'),
(10, 2, 1, 23.4, '2026-07-07 12:00:00'),
-- 2지역 센서
(11, 1, 2, 0.70, '2026-07-07 12:00:00'),
(12, 1, 2, 0.70, '2026-07-07 12:00:00'),
(13, 1, 2, 0.70, '2026-07-07 12:00:00'),
(14, 1, 2, 0.70, '2026-07-07 12:00:00'),
(19, 3, 2, 57.5, '2026-07-07 12:00:00'),
(20, 2, 2, 21.4, '2026-07-07 12:00:00');

-- 7. 토양 습도 센서 (이름 O)
insert into sensor(id, type_id, region_id, value, last_signal, name) values
-- 1지역 센서
(5, 5, 1, 0.7, '2026-07-07 12:00:00', "토양습도1"),
(6, 5, 1, 0.7, '2026-07-07 12:00:00', "토양습도2"),
(7, 5, 1, 0.6, '2026-07-07 12:00:00', "토양습도3"),
(8, 5, 1, 0.7, '2026-07-07 12:00:00', "토양습도4"),
-- 2지역 센서
(15, 5, 2, 0.55, '2026-07-07 12:00:00', "토양습도1"),
(16, 5, 2, 0.65, '2026-07-07 12:00:00', "토양습도2");

-- 8. 액추에이터 유형 설정
insert into actuator_type(id, type_name) values
(1, "환풍기"),
(2, "조명"),
(3, "펌프");

INSERT into actuator(id, type_id, region_id, name, last_signal) values
(1, 2, 1, "조명1", '2026-07-07 12:00:00'),
(2, 2, 1, "조명2", '2026-07-07 12:00:00'),
(3, 2, 1, "조명3", '2026-07-07 12:00:00'),
(4, 2, 1, "조명4", '2026-07-07 12:00:00'),
(5, 3, 1, "1열 펌프", '2026-07-07 12:00:00'),
(7, 3, 1, "2열 펌프", '2026-07-07 12:00:00'),
(9, 1, 1, "환풍기", '2026-07-07 12:00:00');

insert into sensor_actuator_map(sensor_id, actuator_id) values
(1, 1),
(2, 2),
(3, 3),
(4, 4),
(5, 5),
(6, 5),
(7, 7),
(8, 7),
(9, 9),
(10, 9);

insert into actuator_threshold(actuator_id, sensor_type_id, threshold_value) values
(1, 1, 0.7),
(2, 1, 0.7),
(3, 1, 0.7),
(4, 1, 0.7),
(5, 5, 0.5),
(7, 5, 0.5),
(9, 3, 0.7),
(9, 2, 25.0);

-- 10. 로봇 설정
insert into robot(id, region_id, name, state, last_signal, map) values
(1, 1, "로봇 A-1", "대기 중", '2026-07-07 12:00:00', 'greenhouse1-1'),
(2, 1, "로봇 A-2", "작업 중", '2026-07-07 12:00:00', 'greenhouse1-1'),
(3, 2, "로봇 B-1", "대기 중", '2026-07-07 12:00:00', 'greenhouse1-1');

-- 11. 로봇 상태 내역 초기화
insert into robot_history(id, created_at, robot_id, state) values
(1, '2026-07-07 10:00:00', 1, "대기 중"),
(2, '2026-07-07 10:30:00', 2, "대기 중"),
(3, '2026-07-07 11:00:00', 2, "작업 중"),
(4, '2026-07-07 10:00:00', 3, "대기 중");

-- 12. 로봇 주행 파라미터 초기화
insert into robot_parameter(robot_id, controller, rpp, safe, ack) values
(1, 'RPP',
    '{"speed": 0.12, "tolerance": 0.10, "inflation": 0.80}',
    '{"speed": 0.10, "tolerance": 0.10, "inflation": 0.60}',
    '{"speed": 0.16, "tolerance": 0.10, "inflation": 0.50}'
),
(2, 'SAFE',
    '{"speed": 0.12, "tolerance": 0.10, "inflation": 0.80}',
    '{"speed": 0.10, "tolerance": 0.10, "inflation": 0.60}',
    '{"speed": 0.16, "tolerance": 0.10, "inflation": 0.50}'
),
(3, 'RPP',
    '{"speed": 0.12, "tolerance": 0.10, "inflation": 0.80}',
    '{"speed": 0.10, "tolerance": 0.10, "inflation": 0.60}',
    '{"speed": 0.16, "tolerance": 0.10, "inflation": 0.50}'
);
